device,suites,recommended,secure,weak,insecure,offers_tls13,insecure_names
allure-speaker,61,3,7,51,0,False,
appletv,26,6,3,17,0,True,
appletv,23,3,3,17,0,False,
cloudcam,21,2,2,14,3,False,TLS_ECDHE_ECDSA_WITH_RC4_128_SHA;TLS_ECDHE_RSA_WITH_RC4_128_SHA;TLS_RSA_WITH_RC4_128_SHA
echodot,21,2,2,14,3,False,TLS_ECDHE_ECDSA_WITH_RC4_128_SHA;TLS_ECDHE_RSA_WITH_RC4_128_SHA;TLS_RSA_WITH_RC4_128_SHA
echodot,18,3,3,12,0,False,
echoplus,21,2,2,14,3,False,TLS_ECDHE_ECDSA_WITH_RC4_128_SHA;TLS_ECDHE_RSA_WITH_RC4_128_SHA;TLS_RSA_WITH_RC4_128_SHA
echospot,21,2,2,14,3,False,TLS_ECDHE_ECDSA_WITH_RC4_128_SHA;TLS_ECDHE_RSA_WITH_RC4_128_SHA;TLS_RSA_WITH_RC4_128_SHA
firetv,21,2,2,14,3,False,TLS_ECDHE_ECDSA_WITH_RC4_128_SHA;TLS_ECDHE_RSA_WITH_RC4_128_SHA;TLS_RSA_WITH_RC4_128_SHA
honeywell-thermostat,21,1,1,19,0,False,
smartthings-hub,85,2,2,75,6,False,TLS_ECDHE_RSA_WITH_RC4_128_SHA;TLS_ECDHE_ECDSA_WITH_RC4_128_SHA;TLS_ECDH_RSA_WITH_RC4_128_SHA;TLS_ECDH_ECDSA_WITH_RC4_128_SHA;TLS_RSA_WITH_RC4_128_SHA;TLS_RSA_WITH_RC4_128_MD5
t-echodot,21,2,2,14,3,False,TLS_ECDHE_ECDSA_WITH_RC4_128_SHA;TLS_ECDHE_RSA_WITH_RC4_128_SHA;TLS_RSA_WITH_RC4_128_SHA
t-smartthings-hub,85,2,2,75,6,False,TLS_ECDHE_RSA_WITH_RC4_128_SHA;TLS_ECDHE_ECDSA_WITH_RC4_128_SHA;TLS_ECDH_RSA_WITH_RC4_128_SHA;TLS_ECDH_ECDSA_WITH_RC4_128_SHA;TLS_RSA_WITH_RC4_128_SHA;TLS_RSA_WITH_RC4_128_MD5
wink-hub2,79,2,2,75,0,False,
