device,endpoint,tls_version,suite,label,connections
apple-tv,gdmf-ados.apple.com,1.3,TLS_AES_256_GCM_SHA384,recommended,2
apple-tv,gdmf.apple.com,1.2,TLS_ECDHE_RSA_WITH_AES_256_GCM_SHA384,secure,15
apple-tv,gs.apple.com,1.2,TLS_ECDHE_RSA_WITH_AES_256_GCM_SHA384,secure,1
apple-tv,mesu.apple.com,1.3,TLS_AES_128_GCM_SHA256,recommended,10
apple-tv,mesu.apple.com,1.3,TLS_AES_256_GCM_SHA384,recommended,1
apple-tv,updates.cdn-apple.com,1.3,TLS_AES_128_GCM_SHA256,recommended,53
eufy-cam,cdn-eu-public.eufylife.com,1.2,TLS_ECDHE_RSA_WITH_AES_128_GCM_SHA256,secure,4
eufy-cam,security-app-eu.eufylife.com,1.2,TLS_ECDHE_RSA_WITH_AES_128_GCM_SHA256,secure,3
fire-tv,softwareupdates.amazon.com,1.2,TLS_ECDHE_RSA_WITH_AES_128_GCM_SHA256,secure,1
homepod,gdmf.apple.com,1.3,TLS_AES_256_GCM_SHA384,recommended,3
homepod,updates.cdn-apple.com,1.3,TLS_AES_128_GCM_SHA256,recommended,5
sony-tv,ssm1.internet.sony.tv,1.2,TLS_ECDHE_RSA_WITH_AES_128_CBC_SHA256,weak,1
tapo-c200,n-deventry-dcipc.tplinkcloud.com,1.2,TLS_RSA_WITH_AES_128_GCM_SHA256,weak,1
tapo-c200,n-device-api.tplinkcloud.com,1.2,TLS_RSA_WITH_AES_128_GCM_SHA256,weak,142
tapo-c200,n-euw1-devs-dcipc.tplinkcloud.com,1.2,TLS_RSA_WITH_AES_128_GCM_SHA256,weak,1
xiaomi-cam,de.ots.io.mi.com,1.2,TLS_PSK_WITH_AES_128_CBC_SHA,weak,1
xiaomi-cam,fk-res-abroad-cdn.home.mi.com,1.2,TLS_ECDHE_RSA_WITH_AES_128_GCM_SHA256,secure,1
