path,corpus,container,integrity_primitive,tier,embedded_check_verified,detection_rate,forgeable,notes
controlled/firmware/apple/4a4b05d1ce655293d7bbea24141c2fc9c0695cd4.zip,C1,apple_ipsw,"Apple IMG4, unsigned in-artifact; per-device APTicket/IM4M at install",IL2(ext),,1.0,"signature:no (needs Apple private key); not forgeable offline at all - the check is server-side + ECID-bound, so a valid ticket for one device does not transfer, and rollback is blocked once unsigned","[IMG4] member=LLB.b238a.RELEASE.im4p; tags=IM4P; ASN.1 DER container; 7 firmware components, 14 manifest digests; NO embedded signature: authentication is the server-issued, ECID-personalised manifest fetched at install; structure only - this script does NOT cryptographically validate against an Apple root CA"
"controlled/firmware/apple/AppleTV2,1_4.3_8F191m_Restore.ipsw",C1,apple_ipsw,Apple Img3 RSA signature + cert chain (embedded),IL2,,1.0,signature:no (needs Apple private key),"[Img3] member=LLB.k66ap.RELEASE.img3; tags=TYPE,DATA,VERS,SEPO,BORD,KBAG,KBAG,SHSH,CERT; sigCheckArea=90424; 14 firmware components, 16 manifest digests; signature embedded in artifact; structure only - this script does NOT cryptographically validate against an Apple root CA"
"controlled/firmware/apple/AppleTV2,1_5.3_10B809_Restore.ipsw",C1,apple_ipsw,Apple Img3 RSA signature + cert chain (embedded),IL2,,1.0,signature:no (needs Apple private key),"[Img3] member=LLB.k66ap.RELEASE.img3; tags=TYPE,DATA,VERS,SEPO,CHIP,BORD,KBAG,KBAG,SHSH,CERT; sigCheckArea=123256; 14 firmware components, 19 manifest digests; signature embedded in artifact; structure only - this script does NOT cryptographically validate against an Apple root CA"
"controlled/firmware/apple/AppleTV3,1_5.3_10B809_Restore.ipsw",C1,apple_ipsw,Apple Img3 RSA signature + cert chain (embedded),IL2,,1.0,signature:no (needs Apple private key),"[Img3] member=LLB.j33ap.RELEASE.img3; tags=TYPE,DATA,VERS,SEPO,CHIP,BORD,KBAG,KBAG,SHSH,CERT; sigCheckArea=143736; 14 firmware components, 19 manifest digests; signature embedded in artifact; structure only - this script does NOT cryptographically validate against an Apple root CA"
"controlled/firmware/apple/AppleTV3,2_8.4.2_12H606_Restore.ipsw",C1,apple_ipsw,"Apple Img3, unsigned in-artifact; per-device APTicket/IM4M at install",IL2(ext),,1.0,"signature:no (needs Apple private key); not forgeable offline at all - the check is server-side + ECID-bound, so a valid ticket for one device does not transfer, and rollback is blocked once unsigned","[Img3] member=LLB.j33i.RELEASE.img3; tags=TYPE,DATA,VERS,SEPO,CHIP,BORD,BORD,KBAG,KBAG; sigCheckArea=143736; 7 firmware components, 12 manifest digests; NO embedded signature: authentication is the server-issued, ECID-personalised manifest fetched at install; structure only - this script does NOT cryptographically validate against an Apple root CA"
"controlled/firmware/apple/iPod1,1_1.1_3A101a_Restore.ipsw",C1,apple_ipsw,Apple 8900 RSA signature + cert chain (embedded),IL2,,1.0,signature:no (needs Apple private key),"[8900] member=LLB.n45ap.RELEASE.img2; tags=SIG,CERT; data=50176 sig@50176 cert@50304+3082; 12 firmware components, 0 manifest digests; signature embedded in artifact; structure only - this script does NOT cryptographically validate against an Apple root CA"
controlled/firmware/dlink/16CH_DLINK_V02i46204.T000.20230411[Config][Custom].bin,C1,zip,zip (no known inner magic),?,,,,"all 7 members open with fixed vendor header tag 20121124 (constant, not a content digest); no checksum field in it reproduces against the payload -> needs RE"
controlled/firmware/dlink/2MP_Bullet_DCS-F5712-L1_DLINK_V02i46219.OS02G10.T085.20230418[CustomModel][Web].bin,C1,zip,zip (no known inner magic),?,,,,"all 6 members open with fixed vendor header tag 20121124 (constant, not a content digest); no checksum field in it reproduces against the payload -> needs RE"
controlled/firmware/dlink/2MP_DOME_DCS-F5612-L1 DLINK_V02i46219.OS02G10.T085.20230418[CustomModel][Web].bin,C1,zip,zip (no known inner magic),?,,,,"all 6 members open with fixed vendor header tag 20121124 (constant, not a content digest); no checksum field in it reproduces against the payload -> needs RE"
controlled/firmware/dlink/32CH_NVR_DNR-F5232-M8_DLINK_V02i46204.T000.20230411.bin,C1,zip,zip (no known inner magic),?,,,,"all 7 members open with fixed vendor header tag 20121124 (constant, not a content digest); no checksum field in it reproduces against the payload -> needs RE"
controlled/firmware/dlink/4CH_DLINK_V02i46179.T000.20230411[Config][Custom].bin,C1,zip,zip (no known inner magic),?,,,,"all 7 members open with fixed vendor header tag 20121124 (constant, not a content digest); no checksum field in it reproduces against the payload -> needs RE"
controlled/firmware/dlink/8CH_NVR_DNR-F5108-M5_DLINK_V02i46179.T000.20230411[CustomModel].bin,C1,zip,zip (no known inner magic),?,,,,"all 7 members open with fixed vendor header tag 20121124 (constant, not a content digest); no checksum field in it reproduces against the payload -> needs RE"
controlled/firmware/dlink/DCS-5000L_A1_v1.05.02.bin,C1,uImage,CRC32 (header+data),IL1,True,1.0,True,data_crc=0x4e6b77b5; payload 111084B; CRC32 keyless -> attacker re-stamps both CRCs
controlled/firmware/dlink/DCS-932L_B1_v2.18.01.bin,C1,uImage,CRC32 (header+data),IL1,True,1.0,True,data_crc=0xb7373bba; payload 111116B; CRC32 keyless -> attacker re-stamps both CRCs
controlled/firmware/dlink/DCS-F4622E_DLINK_V02i46200.SC530AI.T097.20230506[Config].bin,C1,zip,zip (no known inner magic),?,,,,"all 7 members open with fixed vendor header tag 20121124 (constant, not a content digest); no checksum field in it reproduces against the payload -> needs RE"
controlled/firmware/dlink/DCS-F4722E_DLINK_V02i46200.SC530AI.T097.20230506[Config].bin,C1,zip,zip (no known inner magic),?,,,,"all 7 members open with fixed vendor header tag 20121124 (constant, not a content digest); no checksum field in it reproduces against the payload -> needs RE"
controlled/firmware/dlink/DCS-F5714-L1.zip,C1,zip,zip (no known inner magic),?,,,,inner format unrecognized -> needs RE
controlled/firmware/dlink/DCS-F5714-L1C_IPC8053[16M_1G][WEB]_SH_RJXS_DLINK_V02i46061.GC4653.FUNCTION.T078.20250730.bin,C1,zip,zip (no known inner magic),?,,,,"all 6 members open with fixed vendor header tag 20121124 (constant, not a content digest); no checksum field in it reproduces against the payload -> needs RE"
controlled/firmware/fire-tv/update-kindle-biscuit_puffin-NS6574_user_7623_0013121734532.bin,C1,zip,ZIP + AOSP SignApk whole-file PKCS#7 signature (EOCD comment),IL1+IL2,,,signature:no (needs vendor private key); envelope CRC32:keyless,"SignApk marker + 1585B PKCS#7 blob in EOCD comment (verified against corpus samples); IL2 candidate, not re-verified against a trust root by this script"
controlled/firmware/fire-tv/update-kindle-bueller-51.6.4.6_user_646581820.bin,C1,zip,ZIP + AOSP SignApk whole-file PKCS#7 signature (EOCD comment),IL1+IL2,,,signature:no (needs vendor private key); envelope CRC32:keyless,"SignApk marker + 1706B PKCS#7 blob in EOCD comment (verified against corpus samples); IL2 candidate, not re-verified against a trust root by this script"
controlled/firmware/fire-tv/update-kindle-bueller-51.6.4.8_user_648594820.bin,C1,zip,ZIP + AOSP SignApk whole-file PKCS#7 signature (EOCD comment),IL1+IL2,,,signature:no (needs vendor private key); envelope CRC32:keyless,"SignApk marker + 1706B PKCS#7 blob in EOCD comment (verified against corpus samples); IL2 candidate, not re-verified against a trust root by this script"
controlled/firmware/fire-tv/update-kindle-bueller-51.6.5.6_user_656638920.bin,C1,zip,ZIP + AOSP SignApk whole-file PKCS#7 signature (EOCD comment),IL1+IL2,,,signature:no (needs vendor private key); envelope CRC32:keyless,"SignApk marker + 1706B PKCS#7 blob in EOCD comment (verified against corpus samples); IL2 candidate, not re-verified against a trust root by this script"
controlled/firmware/fire-tv/update-kindle-full_sloane-36.6.8.6_user_686800820.bin,C1,zip,ZIP + AOSP SignApk whole-file PKCS#7 signature (EOCD comment),IL1+IL2,,,signature:no (needs vendor private key); envelope CRC32:keyless,"SignApk marker + 1577B PKCS#7 blob in EOCD comment (verified against corpus samples); IL2 candidate, not re-verified against a trust root by this script"
controlled/firmware/fire-tv/update-kindle-radar_puffin-NS6555_user_4305M_0008087720314.bin,C1,zip,ZIP + AOSP SignApk whole-file PKCS#7 signature (EOCD comment),IL1+IL2,,,signature:no (needs vendor private key); envelope CRC32:keyless,"SignApk marker + 1585B PKCS#7 blob in EOCD comment (verified against corpus samples); IL2 candidate, not re-verified against a trust root by this script"
controlled/firmware/fire-tv/update-kindle-radar_puffin-NS6561_user_4929_0009698492804.bin,C1,zip,ZIP + AOSP SignApk whole-file PKCS#7 signature (EOCD comment),IL1+IL2,,,signature:no (needs vendor private key); envelope CRC32:keyless,"SignApk marker + 1585B PKCS#7 blob in EOCD comment (verified against corpus samples); IL2 candidate, not re-verified against a trust root by this script"
controlled/firmware/fire-tv/update-kindle-radar_puffin-NS6566_user_6813_0011779349892.bin,C1,zip,ZIP + AOSP SignApk whole-file PKCS#7 signature (EOCD comment),IL1+IL2,,,signature:no (needs vendor private key); envelope CRC32:keyless,"SignApk marker + 1585B PKCS#7 blob in EOCD comment (verified against corpus samples); IL2 candidate, not re-verified against a trust root by this script"
controlled/firmware/fire-tv/update-kindle-raven-PS7624_user_3337_0026810845572.bin,C1,zip,ZIP + AOSP SignApk whole-file PKCS#7 signature (EOCD comment),IL1+IL2,,,signature:no (needs vendor private key); envelope CRC32:keyless,"SignApk marker + 1585B PKCS#7 blob in EOCD comment (verified against corpus samples); IL2 candidate, not re-verified against a trust root by this script"
controlled/firmware/fire-tv/update-kindle-sheldon-PS7242_user_2896_0021710459012.bin,C1,zip,ZIP + AOSP SignApk whole-file PKCS#7 signature (EOCD comment),IL1+IL2,,,signature:no (needs vendor private key); envelope CRC32:keyless,"SignApk marker + 1577B PKCS#7 blob in EOCD comment (verified against corpus samples); IL2 candidate, not re-verified against a trust root by this script"
controlled/firmware/fire-tv/update-kindle-sheldon-PS7714_user_5507_0035602662276.bin,C1,zip,ZIP + AOSP SignApk whole-file PKCS#7 signature (EOCD comment),IL1+IL2,,,signature:no (needs vendor private key); envelope CRC32:keyless,"SignApk marker + 1577B PKCS#7 blob in EOCD comment (verified against corpus samples); IL2 candidate, not re-verified against a trust root by this script"
controlled/firmware/fire-tv/update-kindle-sheldon-PS7715_user_5585_0035736899972.bin,C1,zip,ZIP + AOSP SignApk whole-file PKCS#7 signature (EOCD comment),IL1+IL2,,,signature:no (needs vendor private key); envelope CRC32:keyless,"SignApk marker + 1577B PKCS#7 blob in EOCD comment (verified against corpus samples); IL2 candidate, not re-verified against a trust root by this script"
controlled/firmware/fire-tv/update-kindle-sheldon-PS7715_user_5586_0035736900228.bin,C1,zip,ZIP + AOSP SignApk whole-file PKCS#7 signature (EOCD comment),IL1+IL2,,,signature:no (needs vendor private key); envelope CRC32:keyless,"SignApk marker + 1577B PKCS#7 blob in EOCD comment (verified against corpus samples); IL2 candidate, not re-verified against a trust root by this script"
controlled/firmware/tapo/Tapo_C200v1_en_1.0.10_Build_200520_Rel.45325n_1594713621606.bin,C1,tplink,TP-Link 16B field @0x06,IL1,,1.0,field:constant(not a content digest),field@0x06=4c5e831f534ba1f8f7c918df8fbf7da1; flip changes payload md5 (2b9e6cac->1c36acb8); sig_present~=False (heuristic)
controlled/firmware/tapo/Tapo_C200v1_en_1.1.16_Build_211209_Rel.37726n__1640684337995.bin,C1,tplink,TP-Link 16B field @0x06,IL1,,1.0,field:constant(not a content digest),field@0x06=4c5e831f534ba1f8f7c918df8fbf7da1; flip changes payload md5 (ed2de27c->5870ffc4); sig_present~=False (heuristic)
controlled/dataset/tapo-c100/Tapo_C100v5_en_1.4.3_Build_251128_Rel.63757n_up_boot-signed_1768266673670.bin,C1,tplink,TP-Link 16B field @0x06 + signature block,IL1+IL2,,1.0,field:constant(not a content digest); signature:no,field@0x06=4c5e831f534ba1f8f7c918df8fbf7da1; flip changes payload md5 (d0e2d8e4->2ba018de); sig_present~=True (heuristic)
controlled/dataset/tapo-c200/firmware/Tapo_C200v1_en_1.3.16_Build_240909_Rel.37802n_up_boot-signed_1730104664878.bin,C1,tplink,TP-Link 16B field @0x06 + signature block,IL1+IL2,,1.0,field:constant(not a content digest); signature:no,field@0x06=4c5e831f534ba1f8f7c918df8fbf7da1; flip changes payload md5 (cee2dd5c->0dab40e9); sig_present~=True (heuristic)
controlled/dataset/riolink/firmware/E1_Pro_241212.zip,C1,reolink_pak,Reolink .pak section checksum,IL1,False,1.0,checksum:unconfirmed(algo not reproduced); no signature observed,"[zip:IPC_NT1NA45MP.4417_2412122130.E1-Pro.5MP.WIFI18.PT.REOLINK.pak] magic=0x32725913; 6 sections [loader,fdt,uboot,kernel,rootfs,app]; chksum@0x04=0xca4c3684 not reproduced by std CRC32/sum; no signature block -> IL1 by format (keyless checksum)"
controlled/dataset/riolink/firmware/IPC_NT1NA45MP.4066_2409201742.E1-Pro.5MP.WIFI18.PT.REOLINK.pak.zip,C1,reolink_pak,Reolink .pak section checksum,IL1,False,1.0,checksum:unconfirmed(algo not reproduced); no signature observed,"[zip:IPC_NT1NA45MP.4066_2409201742.E1-Pro.5MP.WIFI18.PT.REOLINK.pak] magic=0x32725913; 6 sections [loader,fdt,uboot,kernel,rootfs,app]; chksum@0x04=0x69df73e0 not reproduced by std CRC32/sum; no signature block -> IL1 by format (keyless checksum)"
