hex,iana_name,openssl_name,security,tls_version
0000,TLS_NULL_WITH_NULL_NULL,,insecure,TLS1.0/TLS1.1/TLS1.2/TLS1.3
0001,TLS_RSA_WITH_NULL_MD5,NULL-MD5,insecure,TLS1.0/TLS1.1/TLS1.2/TLS1.3
0002,TLS_RSA_WITH_NULL_SHA,NULL-SHA,insecure,TLS1.0/TLS1.1/TLS1.2/TLS1.3
0003,TLS_RSA_EXPORT_WITH_RC4_40_MD5,,insecure,TLS1.0/TLS1.1/TLS1.2/TLS1.3
0004,TLS_RSA_WITH_RC4_128_MD5,,insecure,TLS1.0/TLS1.1/TLS1.2/TLS1.3
0005,TLS_RSA_WITH_RC4_128_SHA,,insecure,TLS1.0/TLS1.1/TLS1.2/TLS1.3
0006,TLS_RSA_EXPORT_WITH_RC2_CBC_40_MD5,,insecure,TLS1.0/TLS1.1/TLS1.2/TLS1.3
0007,TLS_RSA_WITH_IDEA_CBC_SHA,IDEA-CBC-SHA,weak,TLS1.0/TLS1.1/TLS1.2/TLS1.3
0008,TLS_RSA_EXPORT_WITH_DES40_CBC_SHA,,insecure,TLS1.0/TLS1.1/TLS1.2/TLS1.3
0009,TLS_RSA_WITH_DES_CBC_SHA,,insecure,TLS1.0/TLS1.1/TLS1.2/TLS1.3
000a,TLS_RSA_WITH_3DES_EDE_CBC_SHA,DES-CBC3-SHA,weak,TLS1.0/TLS1.1/TLS1.2/TLS1.3
000b,TLS_DH_DSS_EXPORT_WITH_DES40_CBC_SHA,,insecure,TLS1.0/TLS1.1/TLS1.2/TLS1.3
000c,TLS_DH_DSS_WITH_DES_CBC_SHA,,insecure,TLS1.0/TLS1.1/TLS1.2/TLS1.3
000d,TLS_DH_DSS_WITH_3DES_EDE_CBC_SHA,,weak,TLS1.0/TLS1.1/TLS1.2/TLS1.3
000e,TLS_DH_RSA_EXPORT_WITH_DES40_CBC_SHA,,insecure,TLS1.0/TLS1.1/TLS1.2/TLS1.3
000f,TLS_DH_RSA_WITH_DES_CBC_SHA,,insecure,TLS1.0/TLS1.1/TLS1.2/TLS1.3
0010,TLS_DH_RSA_WITH_3DES_EDE_CBC_SHA,,weak,TLS1.0/TLS1.1/TLS1.2/TLS1.3
0011,TLS_DHE_DSS_EXPORT_WITH_DES40_CBC_SHA,,insecure,TLS1.0/TLS1.1/TLS1.2/TLS1.3
0012,TLS_DHE_DSS_WITH_DES_CBC_SHA,,insecure,TLS1.0/TLS1.1/TLS1.2/TLS1.3
0013,TLS_DHE_DSS_WITH_3DES_EDE_CBC_SHA,DHE-DSS-DES-CBC3-SHA,weak,TLS1.0/TLS1.1/TLS1.2/TLS1.3
0014,TLS_DHE_RSA_EXPORT_WITH_DES40_CBC_SHA,,insecure,TLS1.0/TLS1.1/TLS1.2/TLS1.3
0015,TLS_DHE_RSA_WITH_DES_CBC_SHA,,insecure,TLS1.0/TLS1.1/TLS1.2/TLS1.3
0016,TLS_DHE_RSA_WITH_3DES_EDE_CBC_SHA,DHE-RSA-DES-CBC3-SHA,weak,TLS1.0/TLS1.1/TLS1.2/TLS1.3
0017,TLS_DH_anon_EXPORT_WITH_RC4_40_MD5,,insecure,TLS1.0/TLS1.1/TLS1.2/TLS1.3
0018,TLS_DH_anon_WITH_RC4_128_MD5,,insecure,TLS1.0/TLS1.1/TLS1.2/TLS1.3
0019,TLS_DH_anon_EXPORT_WITH_DES40_CBC_SHA,,insecure,TLS1.0/TLS1.1/TLS1.2/TLS1.3
001a,TLS_DH_anon_WITH_DES_CBC_SHA,,insecure,TLS1.0/TLS1.1/TLS1.2/TLS1.3
001b,TLS_DH_anon_WITH_3DES_EDE_CBC_SHA,ADH-DES-CBC3-SHA,insecure,TLS1.0/TLS1.1/TLS1.2/TLS1.3
001e,TLS_KRB5_WITH_DES_CBC_SHA,,insecure,TLS1.0/TLS1.1/TLS1.2/TLS1.3
001f,TLS_KRB5_WITH_3DES_EDE_CBC_SHA,,weak,TLS1.0/TLS1.1/TLS1.2/TLS1.3
0020,TLS_KRB5_WITH_RC4_128_SHA,,insecure,TLS1.0/TLS1.1/TLS1.2/TLS1.3
0021,TLS_KRB5_WITH_IDEA_CBC_SHA,,weak,TLS1.0/TLS1.1/TLS1.2/TLS1.3
0022,TLS_KRB5_WITH_DES_CBC_MD5,,insecure,TLS1.0/TLS1.1/TLS1.2/TLS1.3
0023,TLS_KRB5_WITH_3DES_EDE_CBC_MD5,,insecure,TLS1.0/TLS1.1/TLS1.2/TLS1.3
0024,TLS_KRB5_WITH_RC4_128_MD5,,insecure,TLS1.0/TLS1.1/TLS1.2/TLS1.3
0025,TLS_KRB5_WITH_IDEA_CBC_MD5,,insecure,TLS1.0/TLS1.1/TLS1.2/TLS1.3
0026,TLS_KRB5_EXPORT_WITH_DES_CBC_40_SHA,,insecure,TLS1.0/TLS1.1/TLS1.2/TLS1.3
0027,TLS_KRB5_EXPORT_WITH_RC2_CBC_40_SHA,,insecure,TLS1.0/TLS1.1/TLS1.2/TLS1.3
0028,TLS_KRB5_EXPORT_WITH_RC4_40_SHA,,insecure,TLS1.0/TLS1.1/TLS1.2/TLS1.3
0029,TLS_KRB5_EXPORT_WITH_DES_CBC_40_MD5,,insecure,TLS1.0/TLS1.1/TLS1.2/TLS1.3
002a,TLS_KRB5_EXPORT_WITH_RC2_CBC_40_MD5,,insecure,TLS1.0/TLS1.1/TLS1.2/TLS1.3
002b,TLS_KRB5_EXPORT_WITH_RC4_40_MD5,,insecure,TLS1.0/TLS1.1/TLS1.2/TLS1.3
002c,TLS_PSK_WITH_NULL_SHA,PSK-NULL-SHA,insecure,TLS1.0/TLS1.1/TLS1.2/TLS1.3
002d,TLS_DHE_PSK_WITH_NULL_SHA,DHE-PSK-NULL-SHA,insecure,TLS1.0/TLS1.1/TLS1.2/TLS1.3
002e,TLS_RSA_PSK_WITH_NULL_SHA,RSA-PSK-NULL-SHA,insecure,TLS1.0/TLS1.1/TLS1.2/TLS1.3
002f,TLS_RSA_WITH_AES_128_CBC_SHA,AES128-SHA,weak,TLS1.0/TLS1.1/TLS1.2/TLS1.3
0030,TLS_DH_DSS_WITH_AES_128_CBC_SHA,,weak,TLS1.0/TLS1.1/TLS1.2/TLS1.3
0031,TLS_DH_RSA_WITH_AES_128_CBC_SHA,,weak,TLS1.0/TLS1.1/TLS1.2/TLS1.3
0032,TLS_DHE_DSS_WITH_AES_128_CBC_SHA,DHE-DSS-AES128-SHA,weak,TLS1.0/TLS1.1/TLS1.2/TLS1.3
0033,TLS_DHE_RSA_WITH_AES_128_CBC_SHA,DHE-RSA-AES128-SHA,weak,TLS1.0/TLS1.1/TLS1.2/TLS1.3
0034,TLS_DH_anon_WITH_AES_128_CBC_SHA,ADH-AES128-SHA,insecure,TLS1.0/TLS1.1/TLS1.2/TLS1.3
0035,TLS_RSA_WITH_AES_256_CBC_SHA,AES256-SHA,weak,TLS1.0/TLS1.1/TLS1.2/TLS1.3
0036,TLS_DH_DSS_WITH_AES_256_CBC_SHA,,weak,TLS1.0/TLS1.1/TLS1.2/TLS1.3
0037,TLS_DH_RSA_WITH_AES_256_CBC_SHA,,weak,TLS1.0/TLS1.1/TLS1.2/TLS1.3
0038,TLS_DHE_DSS_WITH_AES_256_CBC_SHA,DHE-DSS-AES256-SHA,weak,TLS1.0/TLS1.1/TLS1.2/TLS1.3
0039,TLS_DHE_RSA_WITH_AES_256_CBC_SHA,DHE-RSA-AES256-SHA,weak,TLS1.0/TLS1.1/TLS1.2/TLS1.3
003a,TLS_DH_anon_WITH_AES_256_CBC_SHA,ADH-AES256-SHA,insecure,TLS1.0/TLS1.1/TLS1.2/TLS1.3
003b,TLS_RSA_WITH_NULL_SHA256,NULL-SHA256,insecure,TLS1.2/TLS1.3
003c,TLS_RSA_WITH_AES_128_CBC_SHA256,AES128-SHA256,weak,TLS1.2/TLS1.3
003d,TLS_RSA_WITH_AES_256_CBC_SHA256,AES256-SHA256,weak,TLS1.2/TLS1.3
003e,TLS_DH_DSS_WITH_AES_128_CBC_SHA256,,weak,TLS1.2/TLS1.3
003f,TLS_DH_RSA_WITH_AES_128_CBC_SHA256,,weak,TLS1.2/TLS1.3
0040,TLS_DHE_DSS_WITH_AES_128_CBC_SHA256,DHE-DSS-AES128-SHA256,weak,TLS1.2/TLS1.3
0041,TLS_RSA_WITH_CAMELLIA_128_CBC_SHA,CAMELLIA128-SHA,weak,TLS1.0/TLS1.1/TLS1.2/TLS1.3
0042,TLS_DH_DSS_WITH_CAMELLIA_128_CBC_SHA,,weak,TLS1.0/TLS1.1/TLS1.2/TLS1.3
0043,TLS_DH_RSA_WITH_CAMELLIA_128_CBC_SHA,,weak,TLS1.0/TLS1.1/TLS1.2/TLS1.3
0044,TLS_DHE_DSS_WITH_CAMELLIA_128_CBC_SHA,DHE-DSS-CAMELLIA128-SHA,weak,TLS1.0/TLS1.1/TLS1.2/TLS1.3
0045,TLS_DHE_RSA_WITH_CAMELLIA_128_CBC_SHA,DHE-RSA-CAMELLIA128-SHA,weak,TLS1.0/TLS1.1/TLS1.2/TLS1.3
0046,TLS_DH_anon_WITH_CAMELLIA_128_CBC_SHA,ADH-CAMELLIA128-SHA,insecure,TLS1.0/TLS1.1/TLS1.2/TLS1.3
0067,TLS_DHE_RSA_WITH_AES_128_CBC_SHA256,DHE-RSA-AES128-SHA256,weak,TLS1.2/TLS1.3
0068,TLS_DH_DSS_WITH_AES_256_CBC_SHA256,,weak,TLS1.2/TLS1.3
0069,TLS_DH_RSA_WITH_AES_256_CBC_SHA256,,weak,TLS1.2/TLS1.3
006a,TLS_DHE_DSS_WITH_AES_256_CBC_SHA256,DHE-DSS-AES256-SHA256,weak,TLS1.2/TLS1.3
006b,TLS_DHE_RSA_WITH_AES_256_CBC_SHA256,DHE-RSA-AES256-SHA256,weak,TLS1.2/TLS1.3
006c,TLS_DH_anon_WITH_AES_128_CBC_SHA256,ADH-AES128-SHA256,insecure,TLS1.2/TLS1.3
006d,TLS_DH_anon_WITH_AES_256_CBC_SHA256,ADH-AES256-SHA256,insecure,TLS1.2/TLS1.3
006f,TLS_ASCONAEAD128_SHA256,,recommended,TLS1.3
0070,TLS_AES_128_GCM_ASCONHASH256,,recommended,TLS1.3
0071,TLS_AES_128_CCM_ASCONHASH256,,recommended,TLS1.3
0084,TLS_RSA_WITH_CAMELLIA_256_CBC_SHA,CAMELLIA256-SHA,weak,TLS1.0/TLS1.1/TLS1.2/TLS1.3
0085,TLS_DH_DSS_WITH_CAMELLIA_256_CBC_SHA,,weak,TLS1.0/TLS1.1/TLS1.2/TLS1.3
0086,TLS_DH_RSA_WITH_CAMELLIA_256_CBC_SHA,,weak,TLS1.0/TLS1.1/TLS1.2/TLS1.3
0087,TLS_DHE_DSS_WITH_CAMELLIA_256_CBC_SHA,DHE-DSS-CAMELLIA256-SHA,weak,TLS1.0/TLS1.1/TLS1.2/TLS1.3
0088,TLS_DHE_RSA_WITH_CAMELLIA_256_CBC_SHA,DHE-RSA-CAMELLIA256-SHA,weak,TLS1.0/TLS1.1/TLS1.2/TLS1.3
0089,TLS_DH_anon_WITH_CAMELLIA_256_CBC_SHA,ADH-CAMELLIA256-SHA,insecure,TLS1.0/TLS1.1/TLS1.2/TLS1.3
008a,TLS_PSK_WITH_RC4_128_SHA,,insecure,TLS1.0/TLS1.1/TLS1.2/TLS1.3
008b,TLS_PSK_WITH_3DES_EDE_CBC_SHA,PSK-3DES-EDE-CBC-SHA,weak,TLS1.0/TLS1.1/TLS1.2/TLS1.3
008c,TLS_PSK_WITH_AES_128_CBC_SHA,PSK-AES128-CBC-SHA,weak,TLS1.0/TLS1.1/TLS1.2/TLS1.3
008d,TLS_PSK_WITH_AES_256_CBC_SHA,PSK-AES256-CBC-SHA,weak,TLS1.0/TLS1.1/TLS1.2/TLS1.3
008e,TLS_DHE_PSK_WITH_RC4_128_SHA,,insecure,TLS1.0/TLS1.1/TLS1.2/TLS1.3
008f,TLS_DHE_PSK_WITH_3DES_EDE_CBC_SHA,DHE-PSK-3DES-EDE-CBC-SHA,weak,TLS1.0/TLS1.1/TLS1.2/TLS1.3
0090,TLS_DHE_PSK_WITH_AES_128_CBC_SHA,DHE-PSK-AES128-CBC-SHA,weak,TLS1.0/TLS1.1/TLS1.2/TLS1.3
0091,TLS_DHE_PSK_WITH_AES_256_CBC_SHA,DHE-PSK-AES256-CBC-SHA,weak,TLS1.0/TLS1.1/TLS1.2/TLS1.3
0092,TLS_RSA_PSK_WITH_RC4_128_SHA,,insecure,TLS1.0/TLS1.1/TLS1.2/TLS1.3
0093,TLS_RSA_PSK_WITH_3DES_EDE_CBC_SHA,RSA-PSK-3DES-EDE-CBC-SHA,weak,TLS1.0/TLS1.1/TLS1.2/TLS1.3
0094,TLS_RSA_PSK_WITH_AES_128_CBC_SHA,RSA-PSK-AES128-CBC-SHA,weak,TLS1.0/TLS1.1/TLS1.2/TLS1.3
0095,TLS_RSA_PSK_WITH_AES_256_CBC_SHA,RSA-PSK-AES256-CBC-SHA,weak,TLS1.0/TLS1.1/TLS1.2/TLS1.3
0096,TLS_RSA_WITH_SEED_CBC_SHA,SEED-SHA,weak,TLS1.0/TLS1.1/TLS1.2/TLS1.3
0097,TLS_DH_DSS_WITH_SEED_CBC_SHA,,weak,TLS1.0/TLS1.1/TLS1.2/TLS1.3
0098,TLS_DH_RSA_WITH_SEED_CBC_SHA,,weak,TLS1.0/TLS1.1/TLS1.2/TLS1.3
0099,TLS_DHE_DSS_WITH_SEED_CBC_SHA,DHE-DSS-SEED-SHA,weak,TLS1.0/TLS1.1/TLS1.2/TLS1.3
009a,TLS_DHE_RSA_WITH_SEED_CBC_SHA,DHE-RSA-SEED-SHA,weak,TLS1.0/TLS1.1/TLS1.2/TLS1.3
009b,TLS_DH_anon_WITH_SEED_CBC_SHA,ADH-SEED-SHA,insecure,TLS1.0/TLS1.1/TLS1.2/TLS1.3
009c,TLS_RSA_WITH_AES_128_GCM_SHA256,AES128-GCM-SHA256,weak,TLS1.2/TLS1.3
009d,TLS_RSA_WITH_AES_256_GCM_SHA384,AES256-GCM-SHA384,weak,TLS1.2/TLS1.3
009e,TLS_DHE_RSA_WITH_AES_128_GCM_SHA256,DHE-RSA-AES128-GCM-SHA256,weak,TLS1.2/TLS1.3
009f,TLS_DHE_RSA_WITH_AES_256_GCM_SHA384,DHE-RSA-AES256-GCM-SHA384,weak,TLS1.2/TLS1.3
00a0,TLS_DH_RSA_WITH_AES_128_GCM_SHA256,,weak,TLS1.2/TLS1.3
00a1,TLS_DH_RSA_WITH_AES_256_GCM_SHA384,,weak,TLS1.2/TLS1.3
00a2,TLS_DHE_DSS_WITH_AES_128_GCM_SHA256,DHE-DSS-AES128-GCM-SHA256,weak,TLS1.2/TLS1.3
00a3,TLS_DHE_DSS_WITH_AES_256_GCM_SHA384,DHE-DSS-AES256-GCM-SHA384,weak,TLS1.2/TLS1.3
00a4,TLS_DH_DSS_WITH_AES_128_GCM_SHA256,,weak,TLS1.2/TLS1.3
00a5,TLS_DH_DSS_WITH_AES_256_GCM_SHA384,,weak,TLS1.2/TLS1.3
00a6,TLS_DH_anon_WITH_AES_128_GCM_SHA256,ADH-AES128-GCM-SHA256,insecure,TLS1.2/TLS1.3
00a7,TLS_DH_anon_WITH_AES_256_GCM_SHA384,ADH-AES256-GCM-SHA384,insecure,TLS1.2/TLS1.3
00a8,TLS_PSK_WITH_AES_128_GCM_SHA256,PSK-AES128-GCM-SHA256,weak,TLS1.2/TLS1.3
00a9,TLS_PSK_WITH_AES_256_GCM_SHA384,PSK-AES256-GCM-SHA384,weak,TLS1.2/TLS1.3
00aa,TLS_DHE_PSK_WITH_AES_128_GCM_SHA256,DHE-PSK-AES128-GCM-SHA256,weak,TLS1.2/TLS1.3
00ab,TLS_DHE_PSK_WITH_AES_256_GCM_SHA384,DHE-PSK-AES256-GCM-SHA384,weak,TLS1.2/TLS1.3
00ac,TLS_RSA_PSK_WITH_AES_128_GCM_SHA256,RSA-PSK-AES128-GCM-SHA256,weak,TLS1.2/TLS1.3
00ad,TLS_RSA_PSK_WITH_AES_256_GCM_SHA384,RSA-PSK-AES256-GCM-SHA384,weak,TLS1.2/TLS1.3
00ae,TLS_PSK_WITH_AES_128_CBC_SHA256,PSK-AES128-CBC-SHA256,weak,TLS1.0/TLS1.1/TLS1.2/TLS1.3
00af,TLS_PSK_WITH_AES_256_CBC_SHA384,PSK-AES256-CBC-SHA384,weak,TLS1.0/TLS1.1/TLS1.2/TLS1.3
00b0,TLS_PSK_WITH_NULL_SHA256,PSK-NULL-SHA256,insecure,TLS1.0/TLS1.1/TLS1.2/TLS1.3
00b1,TLS_PSK_WITH_NULL_SHA384,PSK-NULL-SHA384,insecure,TLS1.0/TLS1.1/TLS1.2/TLS1.3
00b2,TLS_DHE_PSK_WITH_AES_128_CBC_SHA256,DHE-PSK-AES128-CBC-SHA256,weak,TLS1.0/TLS1.1/TLS1.2/TLS1.3
00b3,TLS_DHE_PSK_WITH_AES_256_CBC_SHA384,DHE-PSK-AES256-CBC-SHA384,weak,TLS1.0/TLS1.1/TLS1.2/TLS1.3
00b4,TLS_DHE_PSK_WITH_NULL_SHA256,DHE-PSK-NULL-SHA256,insecure,TLS1.0/TLS1.1/TLS1.2/TLS1.3
00b5,TLS_DHE_PSK_WITH_NULL_SHA384,DHE-PSK-NULL-SHA384,insecure,TLS1.0/TLS1.1/TLS1.2/TLS1.3
00b6,TLS_RSA_PSK_WITH_AES_128_CBC_SHA256,RSA-PSK-AES128-CBC-SHA256,weak,TLS1.0/TLS1.1/TLS1.2/TLS1.3
00b7,TLS_RSA_PSK_WITH_AES_256_CBC_SHA384,RSA-PSK-AES256-CBC-SHA384,weak,TLS1.0/TLS1.1/TLS1.2/TLS1.3
00b8,TLS_RSA_PSK_WITH_NULL_SHA256,RSA-PSK-NULL-SHA256,insecure,TLS1.0/TLS1.1/TLS1.2/TLS1.3
00b9,TLS_RSA_PSK_WITH_NULL_SHA384,RSA-PSK-NULL-SHA384,insecure,TLS1.0/TLS1.1/TLS1.2/TLS1.3
00ba,TLS_RSA_WITH_CAMELLIA_128_CBC_SHA256,CAMELLIA128-SHA256,weak,TLS1.0/TLS1.1/TLS1.2/TLS1.3
00bb,TLS_DH_DSS_WITH_CAMELLIA_128_CBC_SHA256,,weak,TLS1.0/TLS1.1/TLS1.2/TLS1.3
00bc,TLS_DH_RSA_WITH_CAMELLIA_128_CBC_SHA256,,weak,TLS1.0/TLS1.1/TLS1.2/TLS1.3
00bd,TLS_DHE_DSS_WITH_CAMELLIA_128_CBC_SHA256,DHE-DSS-CAMELLIA128-SHA256,weak,TLS1.0/TLS1.1/TLS1.2/TLS1.3
00be,TLS_DHE_RSA_WITH_CAMELLIA_128_CBC_SHA256,DHE-RSA-CAMELLIA128-SHA256,weak,TLS1.0/TLS1.1/TLS1.2/TLS1.3
00bf,TLS_DH_anon_WITH_CAMELLIA_128_CBC_SHA256,ADH-CAMELLIA128-SHA256,insecure,TLS1.0/TLS1.1/TLS1.2/TLS1.3
00c0,TLS_RSA_WITH_CAMELLIA_256_CBC_SHA256,CAMELLIA256-SHA256,weak,TLS1.0/TLS1.1/TLS1.2/TLS1.3
00c1,TLS_DH_DSS_WITH_CAMELLIA_256_CBC_SHA256,,weak,TLS1.0/TLS1.1/TLS1.2/TLS1.3
00c2,TLS_DH_RSA_WITH_CAMELLIA_256_CBC_SHA256,,weak,TLS1.0/TLS1.1/TLS1.2/TLS1.3
00c3,TLS_DHE_DSS_WITH_CAMELLIA_256_CBC_SHA256,DHE-DSS-CAMELLIA256-SHA256,weak,TLS1.0/TLS1.1/TLS1.2/TLS1.3
00c4,TLS_DHE_RSA_WITH_CAMELLIA_256_CBC_SHA256,DHE-RSA-CAMELLIA256-SHA256,weak,TLS1.0/TLS1.1/TLS1.2/TLS1.3
00c5,TLS_DH_anon_WITH_CAMELLIA_256_CBC_SHA256,ADH-CAMELLIA256-SHA256,insecure,TLS1.0/TLS1.1/TLS1.2/TLS1.3
00c6,TLS_SM4_GCM_SM3,,insecure,TLS1.3
00c7,TLS_SM4_CCM_SM3,,insecure,TLS1.3
1301,TLS_AES_128_GCM_SHA256,TLS_AES_128_GCM_SHA256,recommended,TLS1.3
1302,TLS_AES_256_GCM_SHA384,TLS_AES_256_GCM_SHA384,recommended,TLS1.3
1303,TLS_CHACHA20_POLY1305_SHA256,,recommended,TLS1.3
1304,TLS_AES_128_CCM_SHA256,TLS_AES_128_CCM_SHA256,secure,TLS1.3
1305,TLS_AES_128_CCM_8_SHA256,,secure,TLS1.3
c001,TLS_ECDH_ECDSA_WITH_NULL_SHA,,insecure,TLS1.0/TLS1.1/TLS1.2/TLS1.3
c002,TLS_ECDH_ECDSA_WITH_RC4_128_SHA,,insecure,TLS1.0/TLS1.1/TLS1.2/TLS1.3
c003,TLS_ECDH_ECDSA_WITH_3DES_EDE_CBC_SHA,,weak,TLS1.0/TLS1.1/TLS1.2/TLS1.3
c004,TLS_ECDH_ECDSA_WITH_AES_128_CBC_SHA,,weak,TLS1.0/TLS1.1/TLS1.2/TLS1.3
c005,TLS_ECDH_ECDSA_WITH_AES_256_CBC_SHA,,weak,TLS1.0/TLS1.1/TLS1.2/TLS1.3
c006,TLS_ECDHE_ECDSA_WITH_NULL_SHA,ECDHE-ECDSA-NULL-SHA,insecure,TLS1.0/TLS1.1/TLS1.2/TLS1.3
c007,TLS_ECDHE_ECDSA_WITH_RC4_128_SHA,,insecure,TLS1.0/TLS1.1/TLS1.2/TLS1.3
c008,TLS_ECDHE_ECDSA_WITH_3DES_EDE_CBC_SHA,ECDHE-ECDSA-DES-CBC3-SHA,weak,TLS1.0/TLS1.1/TLS1.2/TLS1.3
c009,TLS_ECDHE_ECDSA_WITH_AES_128_CBC_SHA,ECDHE-ECDSA-AES128-SHA,weak,TLS1.0/TLS1.1/TLS1.2/TLS1.3
c00a,TLS_ECDHE_ECDSA_WITH_AES_256_CBC_SHA,ECDHE-ECDSA-AES256-SHA,weak,TLS1.0/TLS1.1/TLS1.2/TLS1.3
c00b,TLS_ECDH_RSA_WITH_NULL_SHA,,insecure,TLS1.0/TLS1.1/TLS1.2/TLS1.3
c00c,TLS_ECDH_RSA_WITH_RC4_128_SHA,,insecure,TLS1.0/TLS1.1/TLS1.2/TLS1.3
c00d,TLS_ECDH_RSA_WITH_3DES_EDE_CBC_SHA,,weak,TLS1.0/TLS1.1/TLS1.2/TLS1.3
c00e,TLS_ECDH_RSA_WITH_AES_128_CBC_SHA,,weak,TLS1.0/TLS1.1/TLS1.2/TLS1.3
c00f,TLS_ECDH_RSA_WITH_AES_256_CBC_SHA,,weak,TLS1.0/TLS1.1/TLS1.2/TLS1.3
c010,TLS_ECDHE_RSA_WITH_NULL_SHA,ECDHE-RSA-NULL-SHA,insecure,TLS1.0/TLS1.1/TLS1.2/TLS1.3
c011,TLS_ECDHE_RSA_WITH_RC4_128_SHA,,insecure,TLS1.0/TLS1.1/TLS1.2/TLS1.3
c012,TLS_ECDHE_RSA_WITH_3DES_EDE_CBC_SHA,ECDHE-RSA-DES-CBC3-SHA,weak,TLS1.0/TLS1.1/TLS1.2/TLS1.3
c013,TLS_ECDHE_RSA_WITH_AES_128_CBC_SHA,ECDHE-RSA-AES128-SHA,weak,TLS1.0/TLS1.1/TLS1.2/TLS1.3
c014,TLS_ECDHE_RSA_WITH_AES_256_CBC_SHA,ECDHE-RSA-AES256-SHA,weak,TLS1.0/TLS1.1/TLS1.2/TLS1.3
c015,TLS_ECDH_anon_WITH_NULL_SHA,AECDH-NULL-SHA,insecure,TLS1.0/TLS1.1/TLS1.2/TLS1.3
c016,TLS_ECDH_anon_WITH_RC4_128_SHA,,insecure,TLS1.0/TLS1.1/TLS1.2/TLS1.3
c017,TLS_ECDH_anon_WITH_3DES_EDE_CBC_SHA,AECDH-DES-CBC3-SHA,insecure,TLS1.0/TLS1.1/TLS1.2/TLS1.3
c018,TLS_ECDH_anon_WITH_AES_128_CBC_SHA,AECDH-AES128-SHA,insecure,TLS1.0/TLS1.1/TLS1.2/TLS1.3
c019,TLS_ECDH_anon_WITH_AES_256_CBC_SHA,AECDH-AES256-SHA,insecure,TLS1.0/TLS1.1/TLS1.2/TLS1.3
c01a,TLS_SRP_SHA_WITH_3DES_EDE_CBC_SHA,SRP-3DES-EDE-CBC-SHA,weak,TLS1.0/TLS1.1/TLS1.2/TLS1.3
c01b,TLS_SRP_SHA_RSA_WITH_3DES_EDE_CBC_SHA,SRP-RSA-3DES-EDE-CBC-SHA,weak,TLS1.0/TLS1.1/TLS1.2/TLS1.3
c01c,TLS_SRP_SHA_DSS_WITH_3DES_EDE_CBC_SHA,SRP-DSS-3DES-EDE-CBC-SHA,weak,TLS1.0/TLS1.1/TLS1.2/TLS1.3
c01d,TLS_SRP_SHA_WITH_AES_128_CBC_SHA,SRP-AES-128-CBC-SHA,weak,TLS1.0/TLS1.1/TLS1.2/TLS1.3
c01e,TLS_SRP_SHA_RSA_WITH_AES_128_CBC_SHA,SRP-RSA-AES-128-CBC-SHA,weak,TLS1.0/TLS1.1/TLS1.2/TLS1.3
c01f,TLS_SRP_SHA_DSS_WITH_AES_128_CBC_SHA,SRP-DSS-AES-128-CBC-SHA,weak,TLS1.0/TLS1.1/TLS1.2/TLS1.3
c020,TLS_SRP_SHA_WITH_AES_256_CBC_SHA,SRP-AES-256-CBC-SHA,weak,TLS1.0/TLS1.1/TLS1.2/TLS1.3
c021,TLS_SRP_SHA_RSA_WITH_AES_256_CBC_SHA,SRP-RSA-AES-256-CBC-SHA,weak,TLS1.0/TLS1.1/TLS1.2/TLS1.3
c022,TLS_SRP_SHA_DSS_WITH_AES_256_CBC_SHA,SRP-DSS-AES-256-CBC-SHA,weak,TLS1.0/TLS1.1/TLS1.2/TLS1.3
c023,TLS_ECDHE_ECDSA_WITH_AES_128_CBC_SHA256,ECDHE-ECDSA-AES128-SHA256,weak,TLS1.2/TLS1.3
c024,TLS_ECDHE_ECDSA_WITH_AES_256_CBC_SHA384,ECDHE-ECDSA-AES256-SHA384,weak,TLS1.2/TLS1.3
c025,TLS_ECDH_ECDSA_WITH_AES_128_CBC_SHA256,,weak,TLS1.2/TLS1.3
c026,TLS_ECDH_ECDSA_WITH_AES_256_CBC_SHA384,,weak,TLS1.2/TLS1.3
c027,TLS_ECDHE_RSA_WITH_AES_128_CBC_SHA256,ECDHE-RSA-AES128-SHA256,weak,TLS1.2/TLS1.3
c028,TLS_ECDHE_RSA_WITH_AES_256_CBC_SHA384,ECDHE-RSA-AES256-SHA384,weak,TLS1.2/TLS1.3
c029,TLS_ECDH_RSA_WITH_AES_128_CBC_SHA256,,weak,TLS1.2/TLS1.3
c02a,TLS_ECDH_RSA_WITH_AES_256_CBC_SHA384,,weak,TLS1.2/TLS1.3
c02b,TLS_ECDHE_ECDSA_WITH_AES_128_GCM_SHA256,ECDHE-ECDSA-AES128-GCM-SHA256,recommended,TLS1.2/TLS1.3
c02c,TLS_ECDHE_ECDSA_WITH_AES_256_GCM_SHA384,ECDHE-ECDSA-AES256-GCM-SHA384,recommended,TLS1.2/TLS1.3
c02d,TLS_ECDH_ECDSA_WITH_AES_128_GCM_SHA256,,weak,TLS1.2/TLS1.3
c02e,TLS_ECDH_ECDSA_WITH_AES_256_GCM_SHA384,,weak,TLS1.2/TLS1.3
c02f,TLS_ECDHE_RSA_WITH_AES_128_GCM_SHA256,ECDHE-RSA-AES128-GCM-SHA256,secure,TLS1.2/TLS1.3
c030,TLS_ECDHE_RSA_WITH_AES_256_GCM_SHA384,ECDHE-RSA-AES256-GCM-SHA384,secure,TLS1.2/TLS1.3
c031,TLS_ECDH_RSA_WITH_AES_128_GCM_SHA256,,weak,TLS1.2/TLS1.3
c032,TLS_ECDH_RSA_WITH_AES_256_GCM_SHA384,,weak,TLS1.2/TLS1.3
c033,TLS_ECDHE_PSK_WITH_RC4_128_SHA,,insecure,TLS1.0/TLS1.1/TLS1.2/TLS1.3
c034,TLS_ECDHE_PSK_WITH_3DES_EDE_CBC_SHA,ECDHE-PSK-3DES-EDE-CBC-SHA,weak,TLS1.0/TLS1.1/TLS1.2/TLS1.3
c035,TLS_ECDHE_PSK_WITH_AES_128_CBC_SHA,ECDHE-PSK-AES128-CBC-SHA,weak,TLS1.0/TLS1.1/TLS1.2/TLS1.3
c036,TLS_ECDHE_PSK_WITH_AES_256_CBC_SHA,ECDHE-PSK-AES256-CBC-SHA,weak,TLS1.0/TLS1.1/TLS1.2/TLS1.3
c037,TLS_ECDHE_PSK_WITH_AES_128_CBC_SHA256,ECDHE-PSK-AES128-CBC-SHA256,weak,TLS1.0/TLS1.1/TLS1.2/TLS1.3
c038,TLS_ECDHE_PSK_WITH_AES_256_CBC_SHA384,ECDHE-PSK-AES256-CBC-SHA384,weak,TLS1.0/TLS1.1/TLS1.2/TLS1.3
c039,TLS_ECDHE_PSK_WITH_NULL_SHA,ECDHE-PSK-NULL-SHA,insecure,TLS1.0/TLS1.1/TLS1.2/TLS1.3
c03a,TLS_ECDHE_PSK_WITH_NULL_SHA256,ECDHE-PSK-NULL-SHA256,insecure,TLS1.0/TLS1.1/TLS1.2/TLS1.3
c03b,TLS_ECDHE_PSK_WITH_NULL_SHA384,ECDHE-PSK-NULL-SHA384,insecure,TLS1.0/TLS1.1/TLS1.2/TLS1.3
c03c,TLS_RSA_WITH_ARIA_128_CBC_SHA256,,weak,TLS1.0/TLS1.1/TLS1.2/TLS1.3
c03d,TLS_RSA_WITH_ARIA_256_CBC_SHA384,,weak,TLS1.0/TLS1.1/TLS1.2/TLS1.3
c03e,TLS_DH_DSS_WITH_ARIA_128_CBC_SHA256,,weak,TLS1.0/TLS1.1/TLS1.2/TLS1.3
c03f,TLS_DH_DSS_WITH_ARIA_256_CBC_SHA384,,weak,TLS1.0/TLS1.1/TLS1.2/TLS1.3
c040,TLS_DH_RSA_WITH_ARIA_128_CBC_SHA256,,weak,TLS1.0/TLS1.1/TLS1.2/TLS1.3
c041,TLS_DH_RSA_WITH_ARIA_256_CBC_SHA384,,weak,TLS1.0/TLS1.1/TLS1.2/TLS1.3
c042,TLS_DHE_DSS_WITH_ARIA_128_CBC_SHA256,,weak,TLS1.0/TLS1.1/TLS1.2/TLS1.3
c043,TLS_DHE_DSS_WITH_ARIA_256_CBC_SHA384,,weak,TLS1.0/TLS1.1/TLS1.2/TLS1.3
c044,TLS_DHE_RSA_WITH_ARIA_128_CBC_SHA256,,weak,TLS1.0/TLS1.1/TLS1.2/TLS1.3
c045,TLS_DHE_RSA_WITH_ARIA_256_CBC_SHA384,,weak,TLS1.0/TLS1.1/TLS1.2/TLS1.3
c046,TLS_DH_anon_WITH_ARIA_128_CBC_SHA256,,insecure,TLS1.0/TLS1.1/TLS1.2/TLS1.3
c047,TLS_DH_anon_WITH_ARIA_256_CBC_SHA384,,insecure,TLS1.0/TLS1.1/TLS1.2/TLS1.3
c048,TLS_ECDHE_ECDSA_WITH_ARIA_128_CBC_SHA256,,weak,TLS1.0/TLS1.1/TLS1.2/TLS1.3
c049,TLS_ECDHE_ECDSA_WITH_ARIA_256_CBC_SHA384,,weak,TLS1.0/TLS1.1/TLS1.2/TLS1.3
c04a,TLS_ECDH_ECDSA_WITH_ARIA_128_CBC_SHA256,,weak,TLS1.0/TLS1.1/TLS1.2/TLS1.3
c04b,TLS_ECDH_ECDSA_WITH_ARIA_256_CBC_SHA384,,weak,TLS1.0/TLS1.1/TLS1.2/TLS1.3
c04c,TLS_ECDHE_RSA_WITH_ARIA_128_CBC_SHA256,,weak,TLS1.0/TLS1.1/TLS1.2/TLS1.3
c04d,TLS_ECDHE_RSA_WITH_ARIA_256_CBC_SHA384,,weak,TLS1.0/TLS1.1/TLS1.2/TLS1.3
c04e,TLS_ECDH_RSA_WITH_ARIA_128_CBC_SHA256,,weak,TLS1.0/TLS1.1/TLS1.2/TLS1.3
c04f,TLS_ECDH_RSA_WITH_ARIA_256_CBC_SHA384,,weak,TLS1.0/TLS1.1/TLS1.2/TLS1.3
c050,TLS_RSA_WITH_ARIA_128_GCM_SHA256,,weak,TLS1.2/TLS1.3
c051,TLS_RSA_WITH_ARIA_256_GCM_SHA384,,weak,TLS1.2/TLS1.3
c052,TLS_DHE_RSA_WITH_ARIA_128_GCM_SHA256,,weak,TLS1.2/TLS1.3
c053,TLS_DHE_RSA_WITH_ARIA_256_GCM_SHA384,,weak,TLS1.2/TLS1.3
c054,TLS_DH_RSA_WITH_ARIA_128_GCM_SHA256,,weak,TLS1.2/TLS1.3
c055,TLS_DH_RSA_WITH_ARIA_256_GCM_SHA384,,weak,TLS1.2/TLS1.3
c056,TLS_DHE_DSS_WITH_ARIA_128_GCM_SHA256,,weak,TLS1.2/TLS1.3
c057,TLS_DHE_DSS_WITH_ARIA_256_GCM_SHA384,,weak,TLS1.2/TLS1.3
c058,TLS_DH_DSS_WITH_ARIA_128_GCM_SHA256,,weak,TLS1.2/TLS1.3
c059,TLS_DH_DSS_WITH_ARIA_256_GCM_SHA384,,weak,TLS1.2/TLS1.3
c05a,TLS_DH_anon_WITH_ARIA_128_GCM_SHA256,,insecure,TLS1.2/TLS1.3
c05b,TLS_DH_anon_WITH_ARIA_256_GCM_SHA384,,insecure,TLS1.2/TLS1.3
c05c,TLS_ECDHE_ECDSA_WITH_ARIA_128_GCM_SHA256,,recommended,TLS1.2/TLS1.3
c05d,TLS_ECDHE_ECDSA_WITH_ARIA_256_GCM_SHA384,,recommended,TLS1.2/TLS1.3
c05e,TLS_ECDH_ECDSA_WITH_ARIA_128_GCM_SHA256,,weak,TLS1.2/TLS1.3
c05f,TLS_ECDH_ECDSA_WITH_ARIA_256_GCM_SHA384,,weak,TLS1.2/TLS1.3
c060,TLS_ECDHE_RSA_WITH_ARIA_128_GCM_SHA256,,secure,TLS1.2/TLS1.3
c061,TLS_ECDHE_RSA_WITH_ARIA_256_GCM_SHA384,,secure,TLS1.2/TLS1.3
c062,TLS_ECDH_RSA_WITH_ARIA_128_GCM_SHA256,,weak,TLS1.2/TLS1.3
c063,TLS_ECDH_RSA_WITH_ARIA_256_GCM_SHA384,,weak,TLS1.2/TLS1.3
c064,TLS_PSK_WITH_ARIA_128_CBC_SHA256,,weak,TLS1.0/TLS1.1/TLS1.2/TLS1.3
c065,TLS_PSK_WITH_ARIA_256_CBC_SHA384,,weak,TLS1.0/TLS1.1/TLS1.2/TLS1.3
c066,TLS_DHE_PSK_WITH_ARIA_128_CBC_SHA256,,weak,TLS1.0/TLS1.1/TLS1.2/TLS1.3
c067,TLS_DHE_PSK_WITH_ARIA_256_CBC_SHA384,,weak,TLS1.0/TLS1.1/TLS1.2/TLS1.3
c068,TLS_RSA_PSK_WITH_ARIA_128_CBC_SHA256,,weak,TLS1.0/TLS1.1/TLS1.2/TLS1.3
c069,TLS_RSA_PSK_WITH_ARIA_256_CBC_SHA384,,weak,TLS1.0/TLS1.1/TLS1.2/TLS1.3
c06a,TLS_PSK_WITH_ARIA_128_GCM_SHA256,,weak,TLS1.2/TLS1.3
c06b,TLS_PSK_WITH_ARIA_256_GCM_SHA384,,weak,TLS1.2/TLS1.3
c06c,TLS_DHE_PSK_WITH_ARIA_128_GCM_SHA256,,weak,TLS1.2/TLS1.3
c06d,TLS_DHE_PSK_WITH_ARIA_256_GCM_SHA384,,weak,TLS1.2/TLS1.3
c06e,TLS_RSA_PSK_WITH_ARIA_128_GCM_SHA256,,weak,TLS1.2/TLS1.3
c06f,TLS_RSA_PSK_WITH_ARIA_256_GCM_SHA384,,weak,TLS1.2/TLS1.3
c070,TLS_ECDHE_PSK_WITH_ARIA_128_CBC_SHA256,,weak,TLS1.0/TLS1.1/TLS1.2/TLS1.3
c071,TLS_ECDHE_PSK_WITH_ARIA_256_CBC_SHA384,,weak,TLS1.0/TLS1.1/TLS1.2/TLS1.3
c072,TLS_ECDHE_ECDSA_WITH_CAMELLIA_128_CBC_SHA256,ECDHE-ECDSA-CAMELLIA128-SHA256,weak,TLS1.2/TLS1.3
c073,TLS_ECDHE_ECDSA_WITH_CAMELLIA_256_CBC_SHA384,ECDHE-ECDSA-CAMELLIA256-SHA384,weak,TLS1.2/TLS1.3
c074,TLS_ECDH_ECDSA_WITH_CAMELLIA_128_CBC_SHA256,,weak,TLS1.2/TLS1.3
c075,TLS_ECDH_ECDSA_WITH_CAMELLIA_256_CBC_SHA384,,weak,TLS1.2/TLS1.3
c076,TLS_ECDHE_RSA_WITH_CAMELLIA_128_CBC_SHA256,ECDHE-RSA-CAMELLIA128-SHA256,weak,TLS1.2/TLS1.3
c077,TLS_ECDHE_RSA_WITH_CAMELLIA_256_CBC_SHA384,ECDHE-RSA-CAMELLIA256-SHA384,weak,TLS1.2/TLS1.3
c078,TLS_ECDH_RSA_WITH_CAMELLIA_128_CBC_SHA256,,weak,TLS1.2/TLS1.3
c079,TLS_ECDH_RSA_WITH_CAMELLIA_256_CBC_SHA384,,weak,TLS1.2/TLS1.3
c07a,TLS_RSA_WITH_CAMELLIA_128_GCM_SHA256,,weak,TLS1.2/TLS1.3
c07b,TLS_RSA_WITH_CAMELLIA_256_GCM_SHA384,,weak,TLS1.2/TLS1.3
c07c,TLS_DHE_RSA_WITH_CAMELLIA_128_GCM_SHA256,,weak,TLS1.2/TLS1.3
c07d,TLS_DHE_RSA_WITH_CAMELLIA_256_GCM_SHA384,,weak,TLS1.2/TLS1.3
c07e,TLS_DH_RSA_WITH_CAMELLIA_128_GCM_SHA256,,weak,TLS1.2/TLS1.3
c07f,TLS_DH_RSA_WITH_CAMELLIA_256_GCM_SHA384,,weak,TLS1.2/TLS1.3
c080,TLS_DHE_DSS_WITH_CAMELLIA_128_GCM_SHA256,,weak,TLS1.2/TLS1.3
c081,TLS_DHE_DSS_WITH_CAMELLIA_256_GCM_SHA384,,weak,TLS1.2/TLS1.3
c082,TLS_DH_DSS_WITH_CAMELLIA_128_GCM_SHA256,,weak,TLS1.2/TLS1.3
c083,TLS_DH_DSS_WITH_CAMELLIA_256_GCM_SHA384,,weak,TLS1.2/TLS1.3
c084,TLS_DH_anon_WITH_CAMELLIA_128_GCM_SHA256,,insecure,TLS1.2/TLS1.3
c085,TLS_DH_anon_WITH_CAMELLIA_256_GCM_SHA384,,insecure,TLS1.2/TLS1.3
c086,TLS_ECDHE_ECDSA_WITH_CAMELLIA_128_GCM_SHA256,,recommended,TLS1.2/TLS1.3
c087,TLS_ECDHE_ECDSA_WITH_CAMELLIA_256_GCM_SHA384,,recommended,TLS1.2/TLS1.3
c088,TLS_ECDH_ECDSA_WITH_CAMELLIA_128_GCM_SHA256,,weak,TLS1.2/TLS1.3
c089,TLS_ECDH_ECDSA_WITH_CAMELLIA_256_GCM_SHA384,,weak,TLS1.2/TLS1.3
c08a,TLS_ECDHE_RSA_WITH_CAMELLIA_128_GCM_SHA256,,secure,TLS1.2/TLS1.3
c08b,TLS_ECDHE_RSA_WITH_CAMELLIA_256_GCM_SHA384,,secure,TLS1.2/TLS1.3
c08c,TLS_ECDH_RSA_WITH_CAMELLIA_128_GCM_SHA256,,weak,TLS1.2/TLS1.3
c08d,TLS_ECDH_RSA_WITH_CAMELLIA_256_GCM_SHA384,,weak,TLS1.2/TLS1.3
c08e,TLS_PSK_WITH_CAMELLIA_128_GCM_SHA256,,weak,TLS1.2/TLS1.3
c08f,TLS_PSK_WITH_CAMELLIA_256_GCM_SHA384,,weak,TLS1.2/TLS1.3
c090,TLS_DHE_PSK_WITH_CAMELLIA_128_GCM_SHA256,,weak,TLS1.2/TLS1.3
c091,TLS_DHE_PSK_WITH_CAMELLIA_256_GCM_SHA384,,weak,TLS1.2/TLS1.3
c092,TLS_RSA_PSK_WITH_CAMELLIA_128_GCM_SHA256,,weak,TLS1.2/TLS1.3
c093,TLS_RSA_PSK_WITH_CAMELLIA_256_GCM_SHA384,,weak,TLS1.2/TLS1.3
c094,TLS_PSK_WITH_CAMELLIA_128_CBC_SHA256,PSK-CAMELLIA128-SHA256,weak,TLS1.0/TLS1.1/TLS1.2/TLS1.3
c095,TLS_PSK_WITH_CAMELLIA_256_CBC_SHA384,PSK-CAMELLIA256-SHA384,weak,TLS1.0/TLS1.1/TLS1.2/TLS1.3
c096,TLS_DHE_PSK_WITH_CAMELLIA_128_CBC_SHA256,DHE-PSK-CAMELLIA128-SHA256,weak,TLS1.0/TLS1.1/TLS1.2/TLS1.3
c097,TLS_DHE_PSK_WITH_CAMELLIA_256_CBC_SHA384,DHE-PSK-CAMELLIA256-SHA384,weak,TLS1.0/TLS1.1/TLS1.2/TLS1.3
c098,TLS_RSA_PSK_WITH_CAMELLIA_128_CBC_SHA256,RSA-PSK-CAMELLIA128-SHA256,weak,TLS1.0/TLS1.1/TLS1.2/TLS1.3
c099,TLS_RSA_PSK_WITH_CAMELLIA_256_CBC_SHA384,RSA-PSK-CAMELLIA256-SHA384,weak,TLS1.0/TLS1.1/TLS1.2/TLS1.3
c09a,TLS_ECDHE_PSK_WITH_CAMELLIA_128_CBC_SHA256,ECDHE-PSK-CAMELLIA128-SHA256,weak,TLS1.0/TLS1.1/TLS1.2/TLS1.3
c09b,TLS_ECDHE_PSK_WITH_CAMELLIA_256_CBC_SHA384,ECDHE-PSK-CAMELLIA256-SHA384,weak,TLS1.0/TLS1.1/TLS1.2/TLS1.3
c09c,TLS_RSA_WITH_AES_128_CCM,AES128-CCM,weak,TLS1.2/TLS1.3
c09d,TLS_RSA_WITH_AES_256_CCM,AES256-CCM,weak,TLS1.2/TLS1.3
c09e,TLS_DHE_RSA_WITH_AES_128_CCM,DHE-RSA-AES128-CCM,weak,TLS1.2/TLS1.3
c09f,TLS_DHE_RSA_WITH_AES_256_CCM,DHE-RSA-AES256-CCM,weak,TLS1.2/TLS1.3
c0a0,TLS_RSA_WITH_AES_128_CCM_8,AES128-CCM8,weak,TLS1.2/TLS1.3
c0a1,TLS_RSA_WITH_AES_256_CCM_8,AES256-CCM8,weak,TLS1.2/TLS1.3
c0a2,TLS_DHE_RSA_WITH_AES_128_CCM_8,DHE-RSA-AES128-CCM8,weak,TLS1.2/TLS1.3
c0a3,TLS_DHE_RSA_WITH_AES_256_CCM_8,DHE-RSA-AES256-CCM8,weak,TLS1.2/TLS1.3
c0a4,TLS_PSK_WITH_AES_128_CCM,PSK-AES128-CCM,weak,TLS1.2/TLS1.3
c0a5,TLS_PSK_WITH_AES_256_CCM,PSK-AES256-CCM,weak,TLS1.2/TLS1.3
c0a6,TLS_DHE_PSK_WITH_AES_128_CCM,DHE-PSK-AES128-CCM,weak,TLS1.2/TLS1.3
c0a7,TLS_DHE_PSK_WITH_AES_256_CCM,DHE-PSK-AES256-CCM,weak,TLS1.2/TLS1.3
c0a8,TLS_PSK_WITH_AES_128_CCM_8,PSK-AES128-CCM8,weak,TLS1.2/TLS1.3
c0a9,TLS_PSK_WITH_AES_256_CCM_8,PSK-AES256-CCM8,weak,TLS1.2/TLS1.3
c0aa,TLS_PSK_DHE_WITH_AES_128_CCM_8,DHE-PSK-AES128-CCM8,weak,TLS1.2/TLS1.3
c0ab,TLS_PSK_DHE_WITH_AES_256_CCM_8,DHE-PSK-AES256-CCM8,weak,TLS1.2/TLS1.3
c0ac,TLS_ECDHE_ECDSA_WITH_AES_128_CCM,ECDHE-ECDSA-AES128-CCM,secure,TLS1.2/TLS1.3
c0ad,TLS_ECDHE_ECDSA_WITH_AES_256_CCM,ECDHE-ECDSA-AES256-CCM,secure,TLS1.2/TLS1.3
c0ae,TLS_ECDHE_ECDSA_WITH_AES_128_CCM_8,ECDHE-ECDSA-AES128-CCM8,secure,TLS1.2/TLS1.3
c0af,TLS_ECDHE_ECDSA_WITH_AES_256_CCM_8,ECDHE-ECDSA-AES256-CCM8,secure,TLS1.2/TLS1.3
c0b0,TLS_ECCPWD_WITH_AES_128_GCM_SHA256,,recommended,TLS1.2/TLS1.3
c0b1,TLS_ECCPWD_WITH_AES_256_GCM_SHA384,,recommended,TLS1.2/TLS1.3
c0b2,TLS_ECCPWD_WITH_AES_128_CCM_SHA256,,secure,TLS1.2/TLS1.3
c0b3,TLS_ECCPWD_WITH_AES_256_CCM_SHA384,,secure,TLS1.2/TLS1.3
c0b4,TLS_SHA256_SHA256,,insecure,TLS1.3
c0b5,TLS_SHA384_SHA384,,insecure,TLS1.3
c100,TLS_GOSTR341112_256_WITH_KUZNYECHIK_CTR_OMAC,,insecure,TLS1.0/TLS1.1/TLS1.2/TLS1.3
c101,TLS_GOSTR341112_256_WITH_MAGMA_CTR_OMAC,,insecure,TLS1.0/TLS1.1/TLS1.2/TLS1.3
c102,TLS_GOSTR341112_256_WITH_28147_CNT_IMIT,,insecure,TLS1.0/TLS1.1/TLS1.2/TLS1.3
c103,TLS_GOSTR341112_256_WITH_KUZNYECHIK_MGM_L,,insecure,TLS1.2/TLS1.3
c104,TLS_GOSTR341112_256_WITH_MAGMA_MGM_L,,insecure,TLS1.2/TLS1.3
c105,TLS_GOSTR341112_256_WITH_KUZNYECHIK_MGM_S,,insecure,TLS1.2/TLS1.3
c106,TLS_GOSTR341112_256_WITH_MAGMA_MGM_S,,insecure,TLS1.2/TLS1.3
cca8,TLS_ECDHE_RSA_WITH_CHACHA20_POLY1305_SHA256,ECDHE-RSA-CHACHA20-POLY1305,secure,TLS1.2/TLS1.3
cca9,TLS_ECDHE_ECDSA_WITH_CHACHA20_POLY1305_SHA256,ECDHE-ECDSA-CHACHA20-POLY1305,recommended,TLS1.2/TLS1.3
ccaa,TLS_DHE_RSA_WITH_CHACHA20_POLY1305_SHA256,DHE-RSA-CHACHA20-POLY1305,weak,TLS1.2/TLS1.3
ccab,TLS_PSK_WITH_CHACHA20_POLY1305_SHA256,PSK-CHACHA20-POLY1305,weak,TLS1.2/TLS1.3
ccac,TLS_ECDHE_PSK_WITH_CHACHA20_POLY1305_SHA256,ECDHE-PSK-CHACHA20-POLY1305,recommended,TLS1.2/TLS1.3
ccad,TLS_DHE_PSK_WITH_CHACHA20_POLY1305_SHA256,DHE-PSK-CHACHA20-POLY1305,weak,TLS1.2/TLS1.3
ccae,TLS_RSA_PSK_WITH_CHACHA20_POLY1305_SHA256,RSA-PSK-CHACHA20-POLY1305,weak,TLS1.2/TLS1.3
d001,TLS_ECDHE_PSK_WITH_AES_128_GCM_SHA256,,recommended,TLS1.2/TLS1.3
d002,TLS_ECDHE_PSK_WITH_AES_256_GCM_SHA384,,recommended,TLS1.2/TLS1.3
d003,TLS_ECDHE_PSK_WITH_AES_128_CCM_8_SHA256,,secure,TLS1.2/TLS1.3
d005,TLS_ECDHE_PSK_WITH_AES_128_CCM_SHA256,,secure,TLS1.2/TLS1.3
